﻿*Reference,*Manufacturer Part number,*QTY,*Original,Description,Purchase Link
"BATT1","1070TR","1","","Battery Holder (Open) Coin, 20.0mm 1 Cell SMD (SMT) Tab 

bate or batt
#forLedBlink",""
"C1, C2","875105359001","2","","10uF Capacitor Aluminum Polymer 20% 16V SMD 5x5.3mm #forLedBlink #commonpartslibrary
#capacitor
#aluminumpolymer
#radialcan",""
"LED1, LED2","CTL1206FYW1T","2","","Yellow 595nm LED Indication - Discrete 1.7V 1206 (3216 Metric) #forLedBlink",""
"Q1, Q2","MMBT3904","2","","Bipolar (BJT) Transistor NPN 60 V 300MHz 200 mW Surface Mount SOT-23 #forLedBlink",""
"R1, R2","RMCF0805JT47K0","2","","47 kOhms ±5% 0.125W, 1/8W Chip Resistor 0805 (2012 Metric) Automotive AEC-Q200 Thick Film #forLedBlink",""
